{
  "recon_mae": 1.5558258692423503,
  "ranking_accuracy": 1.0,
  "margin_mean": 0.006974756717681885
}